{
	"info": {
		"_postman_id": "8e4e6033-d0a9-4558-835e-4da7eb404f7f",
		"name": "MovieHub-ApiGateWay",
		"schema": "https://schema.getpostman.com/json/collection/v2.0.0/collection.json",
		"_exporter_id": "48037414",
		"_collection_link": "https://kavidubim2gamaethige-5938782.postman.co/workspace/Kavidu-Bimsara's-Workspace~e04c8e77-ce97-4636-8f6b-d33ccdb2e6ec/collection/48037414-8e4e6033-d0a9-4558-835e-4da7eb404f7f?action=share&source=collection_link&creator=48037414"
	},
	"item": [
		{
			"name": "Auth Service",
			"item": [
				{
					"name": "Register User",
					"request": {
						"method": "POST",
						"header": [
							{
								"key": "Content-Type",
								"value": "application/json"
							}
						],
						"body": {
							"mode": "raw",
							"raw": "{\r\n  \"email\": \"user@example.com\",\r\n  \"password\": \"Password123!\"\r\n}",
							"options": {
								"raw": {
									"language": "json"
								}
							}
						},
						"url": "http://localhost:5000/api/auth/register"
					},
					"response": []
				},
				{
					"name": "Login User",
					"request": {
						"method": "POST",
						"header": [
							{
								"key": "Content-Type",
								"value": "application/json"
							}
						],
						"body": {
							"mode": "raw",
							"raw": "{\r\n  \"email\": \"user@example.com\",\r\n  \"password\": \"Password123!\"\r\n}",
							"options": {
								"raw": {
									"language": "json"
								}
							}
						},
						"url": "http://localhost:5000/api/auth/login"
					},
					"response": []
				},
				{
					"name": "Refresh Token",
					"request": {
						"method": "POST",
						"header": [
							{
								"key": "Content-Type",
								"value": "application/json"
							}
						],
						"body": {
							"mode": "raw",
							"raw": "{\r\n  \"refreshToken\": \"your-refresh-token-here\"\r\n}",
							"options": {
								"raw": {
									"language": "json"
								}
							}
						},
						"url": "http://localhost:5000/api/auth/refresh"
					},
					"response": []
				},
				{
					"name": "Logout User",
					"request": {
						"method": "POST",
						"header": [
							{
								"key": "Authorization",
								"value": "Bearer your-jwt-token-here"
							}
						],
						"url": "http://localhost:5000/api/auth/logout"
					},
					"response": []
				},
				{
					"name": "Validate Token",
					"request": {
						"method": "POST",
						"header": [
							{
								"key": "Authorization",
								"value": "Bearer your-jwt-token-here"
							}
						],
						"url": "http://localhost:5000/api/auth/validate"
					},
					"response": []
				},
				{
					"name": "Get Current User",
					"request": {
						"method": "GET",
						"header": [
							{
								"key": "Authorization",
								"value": "Bearer your-jwt-token-here"
							}
						],
						"url": "http://localhost:5000/api/auth/me"
					},
					"response": []
				},
				{
					"name": "Auth Health Check",
					"request": {
						"method": "GET",
						"header": [],
						"url": "http://localhost:5000/api/auth/health"
					},
					"response": []
				}
			]
		},
		{
			"name": "User Service",
			"item": [
				{
					"name": "Get User Profile",
					"request": {
						"method": "GET",
						"header": [
							{
								"key": "Authorization",
								"value": "Bearer your-jwt-token-here"
							}
						],
						"url": "http://localhost:5000/api/users/profile"
					},
					"response": []
				},
				{
					"name": "Create User Profile",
					"request": {
						"method": "POST",
						"header": [
							{
								"key": "Authorization",
								"value": "Bearer your-jwt-token-here"
							},
							{
								"key": "Content-Type",
								"value": "application/json"
							}
						],
						"body": {
							"mode": "raw",
							"raw": "{\r\n  \"firstName\": \"John\",\r\n  \"lastName\": \"Doe\",\r\n  \"dateOfBirth\": \"1990-01-01\",\r\n  \"bio\": \"Movie enthusiast\"\r\n}",
							"options": {
								"raw": {
									"language": "json"
								}
							}
						},
						"url": "http://localhost:5000/api/users/profile"
					},
					"response": []
				},
				{
					"name": "User Health Check",
					"request": {
						"method": "GET",
						"header": [],
						"url": "http://localhost:5000/api/users/health"
					},
					"response": []
				}
			]
		},
		{
			"name": "Catalog Service",
			"item": [
				{
					"name": "Get All Movies",
					"request": {
						"method": "GET",
						"header": [],
						"url": "http://localhost:5000/api/catalog/movies"
					},
					"response": []
				},
				{
					"name": "Get Movie by ID",
					"request": {
						"method": "GET",
						"header": [],
						"url": "http://localhost:5000/api/catalog/movies/1"
					},
					"response": []
				},
				{
					"name": "Create Movie",
					"request": {
						"method": "POST",
						"header": [
							{
								"key": "Content-Type",
								"value": "application/json"
							}
						],
						"body": {
							"mode": "raw",
							"raw": "{\r\n  \"title\": \"The Matrix\",\r\n  \"description\": \"A computer hacker learns about the true nature of reality.\",\r\n  \"genre\": \"Sci-Fi\",\r\n  \"releaseYear\": 1999,\r\n  \"rating\": 8.7,\r\n  \"duration\": 136\r\n}",
							"options": {
								"raw": {
									"language": "json"
								}
							}
						},
						"url": "http://localhost:5000/api/catalog/movies"
					},
					"response": []
				},
				{
					"name": "Update Movie",
					"request": {
						"method": "PUT",
						"header": [
							{
								"key": "Content-Type",
								"value": "application/json"
							}
						],
						"body": {
							"mode": "raw",
							"raw": "{\r\n  \"title\": \"The Matrix Reloaded\",\r\n  \"description\": \"Neo and his allies race against time.\",\r\n  \"genre\": \"Sci-Fi\",\r\n  \"releaseYear\": 2003,\r\n  \"rating\": 7.2,\r\n  \"duration\": 138\r\n}",
							"options": {
								"raw": {
									"language": "json"
								}
							}
						},
						"url": "http://localhost:5000/api/catalog/movies/1"
					},
					"response": []
				},
				{
					"name": "Delete Movie",
					"request": {
						"method": "DELETE",
						"header": [],
						"url": "http://localhost:5000/api/catalog/movies/1"
					},
					"response": []
				},
				{
					"name": "Catalog Health Check",
					"request": {
						"method": "GET",
						"header": [],
						"url": "http://localhost:5000/api/catalog/health"
					},
					"response": []
				}
			]
		},
		{
			"name": "Search Service",
			"item": [
				{
					"name": "Search Movies",
					"request": {
						"method": "GET",
						"header": [],
						"url": {
							"raw": "http://localhost:5000/api/search/movies?q=matrix&genre=Sci-Fi&year=1999&page=1&pageSize=10",
							"protocol": "http",
							"host": [
								"localhost"
							],
							"port": "5000",
							"path": [
								"api",
								"search",
								"movies"
							],
							"query": [
								{
									"key": "q",
									"value": "matrix"
								},
								{
									"key": "genre",
									"value": "Sci-Fi"
								},
								{
									"key": "year",
									"value": "1999"
								},
								{
									"key": "page",
									"value": "1"
								},
								{
									"key": "pageSize",
									"value": "10"
								}
							]
						}
					},
					"response": []
				},
				{
					"name": "Index Movie",
					"request": {
						"method": "POST",
						"header": [
							{
								"key": "Content-Type",
								"value": "application/json"
							}
						],
						"body": {
							"mode": "raw",
							"raw": "{\r\n  \"id\": \"6\",\r\n  \"title\": \"Interstellar\",\r\n  \"description\": \"A team of explorers travel through a wormhole in space.\",\r\n  \"genre\": \"Sci-Fi\",\r\n  \"releaseYear\": 2014,\r\n  \"rating\": 8.6\r\n}",
							"options": {
								"raw": {
									"language": "json"
								}
							}
						},
						"url": "http://localhost:5000/api/search/index"
					},
					"response": []
				},
				{
					"name": "Search Health Check",
					"request": {
						"method": "GET",
						"header": [],
						"url": "http://localhost:5000/api/search/health"
					},
					"response": []
				}
			]
		},
		{
			"name": "Movie Management Service",
			"item": [
				{
					"name": "Movies",
					"item": [
						{
							"name": "Create Movie",
							"request": {
								"method": "POST",
								"header": [
									{
										"key": "Content-Type",
										"value": "application/json"
									},
									{
										"key": "Authorization",
										"value": "Bearer {{auth_token}}"
									}
								],
								"body": {
									"mode": "raw",
									"raw": "{\n  \"title\": \"The Matrix\",\n  \"description\": \"A computer hacker learns about the true nature of reality.\",\n  \"genre\": \"Sci-Fi\",\n  \"releaseYear\": 1999,\n  \"durationMinutes\": 136,\n  \"rating\": 8.7,\n  \"posterUrl\": \"https://example.com/poster.jpg\",\n  \"trailerUrl\": \"https://youtube.com/watch?v=...\",\n  \"quality\": \"1080p\"\n}",
									"options": {
										"raw": {
											"language": "json"
										}
									}
								},
								"url": "http://localhost:5000/api/manage/movies"
							},
							"response": []
						},
						{
							"name": "Get All Movies",
							"request": {
								"method": "GET",
								"header": [],
								"url": {
									"raw": "http://localhost:5000/api/manage/movies?includeUnpublished=false",
									"protocol": "http",
									"host": [
										"localhost"
									],
									"port": "5000",
									"path": [
										"api",
										"manage",
										"movies"
									],
									"query": [
										{
											"key": "includeUnpublished",
											"value": "false"
										}
									]
								}
							},
							"response": []
						},
						{
							"name": "Get Movie By ID",
							"request": {
								"method": "GET",
								"header": [],
								"url": "http://localhost:5000/api/manage/movies/{{movie_id}}"
							},
							"response": []
						},
						{
							"name": "Get My Movies",
							"request": {
								"method": "GET",
								"header": [
									{
										"key": "Authorization",
										"value": "Bearer {{auth_token}}"
									}
								],
								"url": "http://localhost:5000/api/manage/movies/my-movies"
							},
							"response": []
						},
						{
							"name": "Update Movie",
							"request": {
								"method": "PUT",
								"header": [
									{
										"key": "Content-Type",
										"value": "application/json"
									},
									{
										"key": "Authorization",
										"value": "Bearer {{auth_token}}"
									}
								],
								"body": {
									"mode": "raw",
									"raw": "{\n  \"title\": \"The Matrix Reloaded\",\n  \"description\": \"Neo and his allies race against time.\",\n  \"genre\": \"Sci-Fi\",\n  \"releaseYear\": 2003,\n  \"durationMinutes\": 138,\n  \"rating\": 7.2,\n  \"posterUrl\": \"https://example.com/poster2.jpg\",\n  \"trailerUrl\": \"https://youtube.com/watch?v=...\",\n  \"quality\": \"1080p\"\n}",
									"options": {
										"raw": {
											"language": "json"
										}
									}
								},
								"url": "http://localhost:5000/api/manage/movies/{{movie_id}}"
							},
							"response": []
						},
						{
							"name": "Delete Movie",
							"request": {
								"method": "DELETE",
								"header": [
									{
										"key": "Authorization",
										"value": "Bearer {{auth_token}}"
									}
								],
								"url": "http://localhost:5000/api/manage/movies/{{movie_id}}"
							},
							"response": []
						},
						{
							"name": "Publish Movie",
							"request": {
								"method": "POST",
								"header": [
									{
										"key": "Authorization",
										"value": "Bearer {{auth_token}}"
									}
								],
								"url": "http://localhost:5000/api/manage/movies/{{movie_id}}/publish"
							},
							"response": []
						},
						{
							"name": "Increment View Count",
							"request": {
								"method": "POST",
								"header": [],
								"url": "http://localhost:5000/api/manage/movies/{{movie_id}}/view"
							},
							"response": []
						}
					]
				},
				{
					"name": "Upload",
					"item": [
						{
							"name": "Upload Movie",
							"request": {
								"method": "POST",
								"header": [
									{
										"key": "Authorization",
										"value": "Bearer {{auth_token}}"
									}
								],
								"body": {
									"mode": "formdata",
									"formdata": [
										{
											"key": "VideoFile",
											"type": "file",
											"src": "path/to/video.mp4"
										},
										{
											"key": "PosterFile",
											"type": "file",
											"src": "path/to/poster.jpg"
										},
										{
											"key": "Title",
											"value": "Inception",
											"type": "text"
										},
										{
											"key": "Description",
											"value": "A thief who steals corporate secrets through dream-sharing technology.",
											"type": "text"
										},
										{
											"key": "Genre",
											"value": "Sci-Fi",
											"type": "text"
										},
										{
											"key": "ReleaseYear",
											"value": "2010",
											"type": "text"
										},
										{
											"key": "DurationMinutes",
											"value": "148",
											"type": "text"
										},
										{
											"key": "Rating",
											"value": "8.8",
											"type": "text"
										},
										{
											"key": "TrailerUrl",
											"value": "https://youtube.com/watch?v=...",
											"type": "text"
										},
										{
											"key": "Quality",
											"value": "1080p",
											"type": "text"
										}
									]
								},
								"url": "http://localhost:5000/api/upload"
							},
							"response": []
						},
						{
							"name": "Get Upload Status",
							"request": {
								"method": "GET",
								"header": [
									{
										"key": "Authorization",
										"value": "Bearer {{auth_token}}"
									}
								],
								"url": "http://localhost:5000/api/upload/{{session_id}}"
							},
							"response": []
						}
					]
				},
				{
					"name": "Files",
					"item": [
						{
							"name": "Get File Metadata",
							"request": {
								"method": "GET",
								"header": [
									{
										"key": "Authorization",
										"value": "Bearer {{auth_token}}"
									}
								],
								"url": "http://localhost:5000/api/files/{{file_id}}"
							},
							"response": []
						},
						{
							"name": "Get Movie Files",
							"request": {
								"method": "GET",
								"header": [],
								"url": "http://localhost:5000/api/files/movie/{{movie_id}}"
							},
							"response": []
						},
						{
							"name": "Stream File",
							"request": {
								"method": "GET",
								"header": [],
								"url": "http://localhost:5000/api/files/{{file_id}}/stream"
							},
							"response": []
						},
						{
							"name": "Delete File",
							"request": {
								"method": "DELETE",
								"header": [
									{
										"key": "Authorization",
										"value": "Bearer {{auth_token}}"
									}
								],
								"url": "http://localhost:5000/api/files/{{file_id}}"
							},
							"response": []
						}
					]
				}
			]
		}
	]
}