{
	"info": {
		"_postman_id": "a422141b-4754-454d-a612-7e5ea123ede1",
		"name": "MovieHub via API Gateway",
		"schema": "https://schema.getpostman.com/json/collection/v2.1.0/collection.json",
		"_exporter_id": "48037414",
		"_collection_link": "https://kavidubim2gamaethige-5938782.postman.co/workspace/Kavidu-Bimsara's-Workspace~e04c8e77-ce97-4636-8f6b-d33ccdb2e6ec/collection/48037414-a422141b-4754-454d-a612-7e5ea123ede1?action=share&source=collection_link&creator=48037414"
	},
	"item": [
		{
			"name": "Auth Service (via Gateway)",
			"item": [
				{
					"name": "Register User",
					"request": {
						"method": "POST",
						"header": [
							{
								"key": "Content-Type",
								"value": "application/json"
							}
						],
						"body": {
							"mode": "raw",
							"raw": "{\r\n  \"username\": \"johndoe\",\r\n  \"email\": \"user@example.com\",\r\n  \"password\": \"Password123!\"\r\n}",
							"options": {
								"raw": {
									"language": "json"
								}
							}
						},
						"url": {
							"raw": "http://localhost:5000/api/auth/register",
							"protocol": "http",
							"host": [
								"localhost"
							],
							"port": "5000",
							"path": [
								"api",
								"auth",
								"register"
							]
						}
					},
					"response": []
				},
				{
					"name": "Login User",
					"request": {
						"method": "POST",
						"header": [
							{
								"key": "Content-Type",
								"value": "application/json"
							}
						],
						"body": {
							"mode": "raw",
							"raw": "{\r\n  \"email\": \"user@example.com\",\r\n  \"password\": \"Password123!\"\r\n}",
							"options": {
								"raw": {
									"language": "json"
								}
							}
						},
						"url": {
							"raw": "http://localhost:5000/api/auth/login",
							"protocol": "http",
							"host": [
								"localhost"
							],
							"port": "5000",
							"path": [
								"api",
								"auth",
								"login"
							]
						}
					},
					"response": []
				},
				{
					"name": "Refresh Token",
					"request": {
						"method": "POST",
						"header": [
							{
								"key": "Content-Type",
								"value": "application/json"
							}
						],
						"body": {
							"mode": "raw",
							"raw": "{\r\n  \"refreshToken\": \"your-refresh-token-here\"\r\n}",
							"options": {
								"raw": {
									"language": "json"
								}
							}
						},
						"url": {
							"raw": "http://localhost:5000/api/auth/refresh",
							"protocol": "http",
							"host": [
								"localhost"
							],
							"port": "5000",
							"path": [
								"api",
								"auth",
								"refresh"
							]
						}
					},
					"response": []
				},
				{
					"name": "Logout User",
					"request": {
						"method": "POST",
						"header": [
							{
								"key": "Authorization",
								"value": "Bearer your-jwt-token-here"
							}
						],
						"url": {
							"raw": "http://localhost:5000/api/auth/logout",
							"protocol": "http",
							"host": [
								"localhost"
							],
							"port": "5000",
							"path": [
								"api",
								"auth",
								"logout"
							]
						}
					},
					"response": []
				},
				{
					"name": "Validate Token",
					"request": {
						"method": "POST",
						"header": [
							{
								"key": "Authorization",
								"value": "Bearer your-jwt-token-here"
							}
						],
						"url": {
							"raw": "http://localhost:5000/api/auth/validate",
							"protocol": "http",
							"host": [
								"localhost"
							],
							"port": "5000",
							"path": [
								"api",
								"auth",
								"validate"
							]
						}
					},
					"response": []
				},
				{
					"name": "Get Current User",
					"request": {
						"method": "GET",
						"header": [
							{
								"key": "Authorization",
								"value": "Bearer your-jwt-token-here"
							}
						],
						"url": {
							"raw": "http://localhost:5000/api/auth/me",
							"protocol": "http",
							"host": [
								"localhost"
							],
							"port": "5000",
							"path": [
								"api",
								"auth",
								"me"
							]
						}
					},
					"response": []
				},
				{
					"name": "Auth Health Check",
					"request": {
						"method": "GET",
						"header": [],
						"url": {
							"raw": "http://localhost:5000/api/auth/health",
							"protocol": "http",
							"host": [
								"localhost"
							],
							"port": "5000",
							"path": [
								"api",
								"health"
							]
						}
					},
					"response": []
				}
			]
		},
		{
			"name": "User Service (via Gateway)",
			"item": [
				{
					"name": "Get User Profile",
					"request": {
						"method": "GET",
						"header": [
							{
								"key": "Authorization",
								"value": "Bearer your-jwt-token-here"
							}
						],
						"url": {
							"raw": "http://localhost:5000/api/users/me",
							"protocol": "http",
							"host": [
								"localhost"
							],
							"port": "5000",
							"path": [
								"api",
								"users",
								"me"
							]
						}
					},
					"response": []
				},
				{
					"name": "Create User Profile",
					"request": {
						"method": "POST",
						"header": [
							{
								"key": "Authorization",
								"value": "Bearer your-jwt-token-here"
							},
							{
								"key": "Content-Type",
								"value": "application/json"
							}
						],
						"body": {
							"mode": "raw",
							"raw": "{\r\n  \"displayName\": \"John Doe\"\r\n}",
							"options": {
								"raw": {
									"language": "json"
								}
							}
						},
						"url": {
							"raw": "http://localhost:5000/api/users",
							"protocol": "http",
							"host": [
								"localhost"
							],
							"port": "5000",
							"path": [
								"api",
								"users"
							]
						}
					},
					"response": []
				},
				{
					"name": "Update User Profile",
					"request": {
						"method": "PUT",
						"header": [
							{
								"key": "Authorization",
								"value": "Bearer your-jwt-token-here"
							},
							{
								"key": "Content-Type",
								"value": "application/json"
							}
						],
						"body": {
							"mode": "raw",
							"raw": "{\r\n  \"displayName\": \"Updated Name\"\r\n}",
							"options": {
								"raw": {
									"language": "json"
								}
							}
						},
						"url": {
							"raw": "http://localhost:5000/api/users/me",
							"protocol": "http",
							"host": [
								"localhost"
							],
							"port": "5000",
							"path": [
								"api",
								"users",
								"me"
							]
						}
					},
					"response": []
				},
				{
					"name": "Get User History",
					"request": {
						"method": "GET",
						"header": [
							{
								"key": "Authorization",
								"value": "Bearer your-jwt-token-here"
							}
						],
						"url": {
							"raw": "http://localhost:5000/api/users/me/history",
							"protocol": "http",
							"host": [
								"localhost"
							],
							"port": "5000",
							"path": [
								"api",
								"users",
								"me",
								"history"
							]
						}
					},
					"response": []
				},
				{
					"name": "Get User Library",
					"request": {
						"method": "GET",
						"header": [
							{
								"key": "Authorization",
								"value": "Bearer your-jwt-token-here"
							}
						],
						"url": {
							"raw": "http://localhost:5000/api/users/me/library",
							"protocol": "http",
							"host": [
								"localhost"
							],
							"port": "5000",
							"path": [
								"api",
								"users",
								"me",
								"library"
							]
						}
					},
					"response": []
				},
				{
					"name": "Get Watch Later",
					"request": {
						"method": "GET",
						"header": [
							{
								"key": "Authorization",
								"value": "Bearer your-jwt-token-here"
							}
						],
						"url": {
							"raw": "http://localhost:5000/api/users/me/watch-later",
							"protocol": "http",
							"host": [
								"localhost"
							],
							"port": "5000",
							"path": [
								"api",
								"users",
								"me",
								"watch-later"
							]
						}
					},
					"response": []
				},
				{
					"name": "Get User Favorites",
					"request": {
						"method": "GET",
						"header": [
							{
								"key": "Authorization",
								"value": "Bearer your-jwt-token-here"
							}
						],
						"url": {
							"raw": "http://localhost:5000/api/users/me/favorites",
							"protocol": "http",
							"host": [
								"localhost"
							],
							"port": "5000",
							"path": [
								"api",
								"users",
								"me",
								"favorites"
							]
						}
					},
					"response": []
				},
				{
					"name": "User Health Check",
					"request": {
						"method": "GET",
						"header": [],
						"url": {
							"raw": "http://localhost:5000/api/users/health",
							"protocol": "http",
							"host": [
								"localhost"
							],
							"port": "5000",
							"path": [
								"api",
								"health"
							]
						}
					},
					"response": []
				}
			]
		},
		{
			"name": "Catalog Service (via Gateway)",
			"item": [
				{
					"name": "Get All Movies",
					"request": {
						"method": "GET",
						"header": [],
						"url": {
							"raw": "http://localhost:5000/api/movies",
							"protocol": "http",
							"host": [
								"localhost"
							],
							"port": "5000",
							"path": [
								"api",
								"movies"
							]
						}
					},
					"response": []
				},
				{
					"name": "Get Movie by ID",
					"request": {
						"method": "GET",
						"header": [],
						"url": {
							"raw": "http://localhost:5000/api/movies/1",
							"protocol": "http",
							"host": [
								"localhost"
							],
							"port": "5000",
							"path": [
								"api",
								"movies",
								"1"
							]
						}
					},
					"response": []
				},
				{
					"name": "Create Movie",
					"request": {
						"method": "POST",
						"header": [
							{
								"key": "Content-Type",
								"value": "application/json"
							}
						],
						"body": {
							"mode": "raw",
							"raw": "{\r\n  \"title\": \"The Matrix\",\r\n  \"description\": \"A computer hacker learns about the true nature of reality.\",\r\n  \"genre\": \"Sci-Fi\",\r\n  \"releaseYear\": 1999,\r\n  \"durationMinutes\": 136,\r\n  \"rating\": 8.7\r\n}",
							"options": {
								"raw": {
									"language": "json"
								}
							}
						},
						"url": {
							"raw": "http://localhost:5000/api/movies",
							"protocol": "http",
							"host": [
								"localhost"
							],
							"port": "5000",
							"path": [
								"api",
								"movies"
							]
						}
					},
					"response": []
				},
				{
					"name": "Catalog Health Check",
					"request": {
						"method": "GET",
						"header": [],
						"url": {
							"raw": "http://localhost:5000/api/movies/health",
							"protocol": "http",
							"host": [
								"localhost"
							],
							"port": "5000",
							"path": [
								"api",
								"health"
							]
						}
					},
					"response": []
				}
			]
		},
		{
			"name": "Search Service (via Gateway)",
			"item": [
				{
					"name": "Search Movies",
					"request": {
						"method": "GET",
						"header": [],
						"url": {
							"raw": "http://localhost:5000/api/search/movies?q=matrix&genre=Sci-Fi&year=1999&page=1&pageSize=10",
							"protocol": "http",
							"host": [
								"localhost"
							],
							"port": "5000",
							"path": [
								"api",
								"search",
								"movies"
							],
							"query": [
								{
									"key": "q",
									"value": "matrix"
								},
								{
									"key": "genre",
									"value": "Sci-Fi"
								},
								{
									"key": "year",
									"value": "1999"
								},
								{
									"key": "page",
									"value": "1"
								},
								{
									"key": "pageSize",
									"value": "10"
								}
							]
						}
					},
					"response": []
				},
				{
					"name": "Index Movie",
					"request": {
						"method": "POST",
						"header": [
							{
								"key": "Content-Type",
								"value": "application/json"
							}
						],
						"body": {
							"mode": "raw",
							"raw": "{\r\n  \"id\": \"6\",\r\n  \"title\": \"Interstellar\",\r\n  \"description\": \"A team of explorers travel through a wormhole in space.\",\r\n  \"genre\": \"Sci-Fi\",\r\n  \"releaseYear\": 2014,\r\n  \"rating\": 8.6\r\n}",
							"options": {
								"raw": {
									"language": "json"
								}
							}
						},
						"url": {
							"raw": "http://localhost:5000/api/search/index",
							"protocol": "http",
							"host": [
								"localhost"
							],
							"port": "5000",
							"path": [
								"api",
								"search",
								"index"
							]
						}
					},
					"response": []
				},
				{
					"name": "Search Health Check",
					"request": {
						"method": "GET",
						"header": [],
						"url": {
							"raw": "http://localhost:5000/api/search/health",
							"protocol": "http",
							"host": [
								"localhost"
							],
							"port": "5000",
							"path": [
								"api",
								"search",
								"health"
							]
						}
					},
					"response": []
				}
			]
		}
	]
}
